Rank;Sourceid;Title;Type;Issn;SJR;SJR Quartile;H index;Total Docs. (2018);Total Docs. (3years);Total Refs.;Total Cites (3years);Citable Docs. (3years);Cites / Doc. (2years);Ref. / Doc.;Country;Publisher;Coverage;Categories
1;29719;"Reviews of Modern Physics";journal;"00346861, 15390756";17,337;Q1;298;42;127;14771;4952;120;37,78;351,69;United States;"American Physical Society";"1929-ongoing";"Physics and Astronomy (miscellaneous) (Q1)"
2;4000151822;"Nature Physics";journal;"17452473";9,515;Q1;233;335;889;8799;11422;637;16,44;26,27;United Kingdom;"Nature Publishing Group";"2006-ongoing";"Physics and Astronomy (miscellaneous) (Q1)"
3;29229;"Physics Reports";journal;"03701573";8,684;Q1;248;41;174;13662;4313;172;27,99;333,22;Netherlands;"Elsevier BV";"1971-ongoing";"Physics and Astronomy (miscellaneous) (Q1)"
4;28677;"Living Reviews in Relativity";journal;"14338351";7,304;Q1;75;7;13;3063;256;13;24,20;437,57;Germany;"Albert Einstein Institut";"2000-ongoing";"Physics and Astronomy (miscellaneous) (Q1)"
5;21100201772;"Physical Review X";journal;"21603308";6,497;Q1;86;280;609;18225;8117;589;12,09;65,09;United States;"American Physical Society";"2011-ongoing";"Physics and Astronomy (miscellaneous) (Q1)"
6;29709;"Reports on Progress in Physics";journal;"13616633, 00344885";6,437;Q1;184;77;221;19708;3887;218;16,40;255,95;United Kingdom;"Institute of Physics Publishing";"1934-1942, 1944, 1947, 1949-ongoing";"Medicine (miscellaneous) (Q1); Physics and Astronomy (miscellaneous) (Q1)"
7;11500153511;"ACS Nano";journal;"1936086X, 19360851";6,214;Q1;310;1339;3946;71069;56018;3857;13,70;53,08;United States;"American Chemical Society";"2007-ongoing";"Engineering (miscellaneous) (Q1); Materials Science (miscellaneous) (Q1); Nanoscience and Nanotechnology (Q1); Physics and Astronomy (miscellaneous) (Q1)"
8;19700182758;"Nature Communications";journal;"20411723";5,992;Q1;248;5664;11692;273530;141425;10983;11,80;48,29;United Kingdom;"Nature Publishing Group";"2010-ongoing";"Biochemistry, Genetics and Molecular Biology (miscellaneous) (Q1); Chemistry (miscellaneous) (Q1); Physics and Astronomy (miscellaneous) (Q1)"
9;21100470165;"Advanced Science";journal;"21983844";5,012;Q1;54;396;468;26111;6284;456;13,98;65,94;Germany;"Wiley-VCH Verlag";"2015-ongoing";"Biochemistry, Genetics and Molecular Biology (miscellaneous) (Q1); Chemical Engineering (miscellaneous) (Q1); Engineering (miscellaneous) (Q1); Materials Science (miscellaneous) (Q1); Medicine (miscellaneous) (Q1); Physics and Astronomy (miscellaneous) (Q1)"
10;21100327726;"Applied Physics Reviews";journal;"19319401";4,099;Q1;40;52;120;10969;1568;117;11,45;210,94;United States;"AIP Publishing LLC";"2014-ongoing";"Physics and Astronomy (miscellaneous) (Q1)"
11;29150;"Physical Review Letters";journal;"10797114, 00319007";3,571;Q1;567;2883;7687;131076;66449;7363;9,20;45,47;United States;"American Physical Society";"1958-ongoing";"Physics and Astronomy (miscellaneous) (Q1)"
12;18158;"Computer Methods in Applied Mechanics and Engineering";journal;"00457825";2,996;Q1;171;444;1248;22830;7221;1233;5,44;51,42;Netherlands;"Elsevier BV";"1972-ongoing";"Computational Mechanics (Q1); Computer Science Applications (Q1); Mechanical Engineering (Q1); Mechanics of Materials (Q1); Physics and Astronomy (miscellaneous) (Q1)"
13;13017;"Physics of Life Reviews";journal;"15710645";2,691;Q1;52;114;381;4375;495;33;12,67;38,38;Netherlands;"Elsevier BV";"2004-ongoing";"Agricultural and Biological Sciences (miscellaneous) (Q1); Artificial Intelligence (Q1); Physics and Astronomy (miscellaneous) (Q1)"
14;147234;"Selecta Mathematica, New Series";journal;"10221824";2,143;Q1;37;115;170;3506;214;166;1,23;30,49;Switzerland;"Birkhauser Verlag";"1995-2002, 2005-ongoing";"Mathematics (miscellaneous) (Q1); Physics and Astronomy (miscellaneous) (Q1)"
15;21100463549;"Reviews in Physics";journal;"24054283";2,067;Q1;9;5;17;358;114;16;7,13;71,60;Netherlands;"Elsevier BV";"2016-ongoing";"Physics and Astronomy (miscellaneous) (Q1)"
16;27545;"European Physical Journal C";journal;"14346052, 14346044";1,972;Q1;156;1016;2239;59111;9866;2141;4,77;58,18;Germany;"Springer Verlag";"1998-ongoing";"Engineering (miscellaneous) (Q1); Physics and Astronomy (miscellaneous) (Q1)"
17;21100431535;"Physical Review Applied";journal;"23317019";1,940;Q1;39;642;891;29169;4148;871;4,57;45,43;United States;"American Physical Society";"2014-ongoing";"Physics and Astronomy (miscellaneous) (Q1)"
18;21100779241;"Physical Review D";journal;"24700010, 24700029";1,703;Q1;319;3581;10456;200986;42757;10173;4,38;56,13;United States;"American Physical Society";"2002, 2013, 2016-ongoing";"Physics and Astronomy (miscellaneous) (Q1)"
19;29047;"New Journal of Physics";journal;"13672630";1,664;Q1;142;696;2237;33956;8107;2181;3,75;48,79;United Kingdom;"Institute of Physics Publishing";"1998-ongoing";"Physics and Astronomy (miscellaneous) (Q1)"
20;17800156778;"Computational Science and Discovery";journal;"17494680";1,644;Q1;18;0;13;0;90;13;0,00;0,00;United Kingdom;"Institute of Physics Publishing";"2008-2015";"Computational Mathematics (Q1); Numerical Analysis (Q1); Physics and Astronomy (miscellaneous) (Q1)"
21;13191;"Journal of Computational Physics";journal;"10902716, 00219991";1,643;Q1;213;653;2154;29734;7140;2129;3,13;45,53;United States;"Elsevier Inc.";"1966-ongoing";"Computer Science Applications (Q1); Physics and Astronomy (miscellaneous) (Q1)"
22;27433;"Classical and Quantum Gravity";journal;"02649381";1,580;Q1;145;437;1218;21518;4251;1203;3,40;49,24;United Kingdom;"Institute of Physics Publishing";"1984-ongoing";"Physics and Astronomy (miscellaneous) (Q1)"
23;29864;"Rivista del Nuovo Cimento";journal;"0393697X";1,545;Q1;41;12;36;2021;209;36;7,13;168,42;Italy;"Societa Italiana di Fisica";"1969-ongoing";"Physics and Astronomy (miscellaneous) (Q1)"
24;24644;"Journal of Physical and Chemical Reference Data";journal;"15297845, 00472689";1,521;Q1;85;20;73;1523;303;65;4,79;76,15;United States;"American Institute of Physics Inc.";"1976-1979, 1996-ongoing";"Chemistry (miscellaneous) (Q1); Physical and Theoretical Chemistry (Q1); Physics and Astronomy (miscellaneous) (Q1)"
25;21100869887;"Advances in Physics: X";journal;"23746149";1,404;Q1;10;2;63;211;246;62;3,97;105,50;United Kingdom;"Taylor and Francis Ltd.";"2016-ongoing";"Physics and Astronomy (miscellaneous) (Q1)"
26;28425;"Fire Safety Journal";journal;"03797112";1,404;Q1;66;103;386;3661;946;378;2,37;35,54;United Kingdom;"Elsevier Ltd.";"1977-ongoing";"Chemistry (miscellaneous) (Q1); Materials Science (miscellaneous) (Q1); Physics and Astronomy (miscellaneous) (Q1); Safety, Risk, Reliability and Quality (Q1)"
27;25696;"Nonlinearity";journal;"09517715";1,400;Q1;71;216;516;7812;1055;507;1,82;36,17;United Kingdom;"Institute of Physics Publishing";"1988-ongoing";"Applied Mathematics (Q1); Mathematical Physics (Q1); Physics and Astronomy (miscellaneous) (Q1); Statistical and Nonlinear Physics (Q1)"
28;13877;"European Journal of Mechanics, A/Solids";journal;"09977538";1,389;Q1;78;151;401;6445;1388;399;3,35;42,68;Netherlands;"Elsevier BV";"1990-1992, 1995-ongoing";"Materials Science (miscellaneous) (Q1); Mathematical Physics (Q1); Mechanical Engineering (Q1); Mechanics of Materials (Q1); Physics and Astronomy (miscellaneous) (Q1)"
29;27030;"Applied Physics Letters";journal;"10773118, 00036951";1,331;Q1;401;2326;9370;73773;33391;9177;3,59;31,72;United States;"American Institute of Physics";"1962-ongoing";"Physics and Astronomy (miscellaneous) (Q1)"
30;27011;"Physical Chemistry Chemical Physics";journal;"14639084, 14639076";1,310;Q1;199;3053;10217;168879;37487;10057;3,52;55,32;United Kingdom;"Royal Society of Chemistry";"1999-ongoing";"Physical and Theoretical Chemistry (Q1); Physics and Astronomy (miscellaneous) (Q1)"
31;28623;"Combustion and Flame";journal;"00102180";1,290;Q1;154;468;1121;23085;5726;1108;4,70;49,33;Netherlands;"Elsevier BV";"1957-ongoing";"Chemical Engineering (miscellaneous) (Q1); Chemistry (miscellaneous) (Q1); Energy Engineering and Power Technology (Q1); Fuel Technology (Q1); Physics and Astronomy (miscellaneous) (Q1)"
32;13184;"Computer Physics Communications";journal;"00104655";1,262;Q1;154;242;874;9853;3522;862;3,45;40,71;Netherlands;"Elsevier BV";"1969-ongoing";"Hardware and Architecture (Q1); Physics and Astronomy (miscellaneous) (Q1)"
33;21100862881;"Quantum Science and Technology";journal;"20589565";1,262;Q1;10;92;93;4926;274;93;2,95;53,54;United States;"Institute of Physics Publishing";"2016-ongoing";"Atomic and Molecular Physics, and Optics (Q1); Electrical and Electronic Engineering (Q1); Materials Science (miscellaneous) (Q1); Physics and Astronomy (miscellaneous) (Q1)"
34;26531;"Comptes Rendus Physique";journal;"16310705";1,208;Q1;60;41;212;3302;602;192;3,37;80,54;France;"Elsevier Masson";"2002-ongoing";"Physics and Astronomy (miscellaneous) (Q1)"
35;20450;"International Journal of Multiphase Flow";journal;"03019322";1,175;Q1;108;243;543;10463;1798;538;3,01;43,06;United Kingdom;"Elsevier Ltd.";"1973-ongoing";"Fluid Flow and Transfer Processes (Q1); Mechanical Engineering (Q1); Physics and Astronomy (miscellaneous) (Q1)"
36;28551;"Physics of the Earth and Planetary Interiors";journal;"00319201";1,160;Q1;102;130;283;7144;694;272;2,61;54,95;Netherlands;"Elsevier BV";"1967-ongoing";"Physics and Astronomy (miscellaneous) (Q1); Astronomy and Astrophysics (Q2); Geophysics (Q2); Space and Planetary Science (Q2)"
37;28134;"Journal of Chemical Physics";journal;"10897690, 00219606";1,159;Q1;314;2125;6788;121892;19350;6596;2,97;57,36;United States;"American Institute of Physics";"1933-ongoing";"Medicine (miscellaneous) (Q1); Physical and Theoretical Chemistry (Q1); Physics and Astronomy (miscellaneous) (Q1)"
38;26998;"Annalen der Physik";journal;"00033804, 15213889";1,091;Q1;50;140;335;7091;994;317;3,23;50,65;Germany;"Wiley - VCH Verlag GmbH & Co. KG";"1799-1943, 1947-1950, 1952, 1957-ongoing";"Physics and Astronomy (miscellaneous) (Q1)"
39;144980;"Multiscale Modeling and Simulation";journal;"15403459";1,078;Q1;57;67;174;2670;379;174;1,97;39,85;United States;"Society for Industrial and Applied Mathematics";"2004-ongoing";"Chemistry (miscellaneous) (Q1); Computer Science Applications (Q1); Ecological Modeling (Q1); Modeling and Simulation (Q1); Physics and Astronomy (miscellaneous) (Q1)"
40;17037;"Physica Medica";journal;"11201797";1,057;Q1;34;236;670;8225;1697;664;2,49;34,85;Italy;"Istituti Editoriali e Poligrafici Internazionali";"1960, 1989-ongoing";"Biophysics (Q1); Medicine (miscellaneous) (Q1); Physics and Astronomy (miscellaneous) (Q1); Radiology, Nuclear Medicine and Imaging (Q1)"
41;27457;"Contemporary Physics";journal;"00107514, 13665812";1,056;Q1;50;16;101;1050;249;97;2,92;65,63;United Kingdom;"Taylor & Francis";"1959-1971, 1973-1978, 1980-1990, 1992-ongoing";"Physics and Astronomy (miscellaneous) (Q1)"
42;16400154786;"Journal of Biophotonics";journal;"1864063X";1,039;Q1;56;337;416;13424;1428;371;3,84;39,83;Germany;"Wiley - VCH Verlag GmbH & CO. KGaA";"2008-ongoing";"Biochemistry, Genetics and Molecular Biology (miscellaneous) (Q1); Chemistry (miscellaneous) (Q1); Engineering (miscellaneous) (Q1); Materials Science (miscellaneous) (Q1); Physics and Astronomy (miscellaneous) (Q1)"
43;27971;"Zeitschrift für Angewandte Mathematik und Physik";journal;"14209039, 00442275";1,039;Q1;51;150;475;4693;866;472;1,73;31,29;Switzerland;"Birkhauser Verlag";"1950-ongoing";"Applied Mathematics (Q1); Mathematics (miscellaneous) (Q1); Physics and Astronomy (miscellaneous) (Q1)"
44;27955;"Fortschritte der Physik";journal;"15213978, 00158208";1,023;Q1;53;42;174;1969;488;170;2,76;46,88;United Kingdom;"John Wiley & Sons Ltd.";"1953-ongoing";"Physics and Astronomy (miscellaneous) (Q1)"
45;144604;"Proceedings of the Royal Society A: Mathematical, Physical and Engineering Sciences";journal;"13645021, 14712946";0,998;Q1;112;240;848;10680;2466;838;2,88;44,50;United Kingdom;"The Royal Society";"1974-1988, 1990-ongoing";"Engineering (miscellaneous) (Q1); Mathematics (miscellaneous) (Q1); Physics and Astronomy (miscellaneous) (Q1)"
46;27430;"Chaos";journal;"10541500, 10897682";0,990;Q1;93;478;944;21604;2701;933;2,79;45,20;United States;"American Institute of Physics";"1991-ongoing";"Applied Mathematics (Q1); Mathematical Physics (Q1); Medicine (miscellaneous) (Q1); Physics and Astronomy (miscellaneous) (Q1); Statistical and Nonlinear Physics (Q1)"
47;20327;"Experiments in Fluids";journal;"14321114, 07234864";0,977;Q1;103;185;593;6855;1651;567;2,79;37,05;Germany;"Springer Verlag";"1983-ongoing";"Computational Mechanics (Q1); Fluid Flow and Transfer Processes (Q1); Mechanics of Materials (Q1); Physics and Astronomy (miscellaneous) (Q1)"
48;25854;"European Polymer Journal";journal;"00143057";0,967;Q1;120;531;1548;27503;6026;1523;3,76;51,79;United Kingdom;"Elsevier Ltd.";"1965-ongoing";"Materials Chemistry (Q1); Organic Chemistry (Q1); Physics and Astronomy (miscellaneous) (Q1); Polymers and Plastics (Q1)"
49;28593;"Journal of Turbulence";journal;"14685248";0,948;Q1;41;45;161;1495;315;156;2,04;33,22;United Kingdom;"Taylor & Francis";"2000-ongoing";"Computational Mechanics (Q1); Condensed Matter Physics (Q1); Mechanics of Materials (Q1); Physics and Astronomy (miscellaneous) (Q1)"
50;29784;"Philosophical Transactions of the Royal Society A: Mathematical, Physical and Engineering Sciences";journal;"14712962, 1364503X";0,948;Q1;143;371;1048;18313;3382;1015;3,18;49,36;United Kingdom;"The Royal Society";"1969-1971, 1974-1975, 1977-1983, 1985-1988, 1991-ongoing";"Engineering (miscellaneous) (Q1); Mathematics (miscellaneous) (Q1); Physics and Astronomy (miscellaneous) (Q1)"
51;27029;"Applied Physics B: Lasers and Optics";journal;"09462171";0,933;Q1;119;236;874;7994;1674;858;1,92;33,87;Germany;"Springer Verlag";"1994-ongoing";"Physics and Astronomy (miscellaneous) (Q1)"
52;13300154702;"Applied Physics Express";journal;"18820778";0,924;Q1;79;383;1151;11866;3232;1131;2,83;30,98;Japan;"Japan Soc of Applied Physics";"2008-ongoing";"Engineering (miscellaneous) (Q1); Physics and Astronomy (miscellaneous) (Q1)"
53;21100203111;"IEEE Wireless Communications Letters";journal;"21622337";0,923;Q1;46;365;558;3367;2460;554;4,39;9,22;United States;"IEEE Communications Society";"2012-ongoing";"Control and Systems Engineering (Q1); Electrical and Electronic Engineering (Q1); Physics and Astronomy (miscellaneous) (Q1)"
54;9500154114;"Advances in Theoretical and Mathematical Physics";journal;"10950761";0,885;Q1;65;17;98;688;164;97;1,63;40,47;United States;"International Press of Boston, Inc.";"1997-ongoing";"Mathematics (miscellaneous) (Q1); Physics and Astronomy (miscellaneous) (Q1)"
55;26899;"Fluid Phase Equilibria";journal;"03783812";0,864;Q1;103;361;1269;17407;3197;1248;2,64;48,22;Netherlands;"Elsevier BV";"1977-ongoing";"Chemical Engineering (miscellaneous) (Q1); Physics and Astronomy (miscellaneous) (Q1); Physical and Theoretical Chemistry (Q2)"
56;29651;"Granular Matter";journal;"14347636, 14345021";0,857;Q1;52;79;229;3512;600;227;2,48;44,46;Germany;"Springer Verlag";"1998-ongoing";"Materials Science (miscellaneous) (Q1); Mechanics of Materials (Q1); Physics and Astronomy (miscellaneous) (Q1)"
57;10600153306;"Communications in Computational Physics";journal;"18152406, 19917120";0,855;Q1;44;5;361;197;591;359;1,40;39,40;United Kingdom;"Cambridge University Press";"2007-ongoing";"Physics and Astronomy (miscellaneous) (Q1)"
58;21100201020;"Communications in Number Theory and Physics";journal;"19314523, 19314531";0,851;Q1;23;19;53;738;82;53;1,57;38,84;United States;"International Press of Boston, Inc.";"2007-ongoing";"Algebra and Number Theory (Q1); Mathematical Physics (Q1); Physics and Astronomy (miscellaneous) (Q1)"
59;10800153309;"Romanian Reports on Physics";journal;"12211451, 18418759";0,842;Q1;28;63;357;3868;626;355;1,84;61,40;Romania;"Editura Academiei Romane";"2007-ongoing";"Physics and Astronomy (miscellaneous) (Q1)"
60;4400151518;"Physical Review Special Topics - Physics Education Research";journal;"15549178";0,834;Q1;36;0;58;0;161;55;0,00;0,00;United States;"American Physical Society";"2005-2015";"Education (Q1); Physics and Astronomy (miscellaneous) (Q1)"
61;21100788306;"Physical Review Accelerators and Beams";journal;"24699888";0,823;Q1;13;206;431;6040;819;415;1,97;29,32;United States;"American Physical Society";"2016-ongoing";"Physics and Astronomy (miscellaneous) (Q1); Surfaces and Interfaces (Q1); Nuclear and High Energy Physics (Q2)"
62;21100870853;"npj Microgravity";journal;"23738065";0,817;Q1;9;23;72;1269;208;63;3,32;55,17;United Kingdom;"Nature Publishing Group";"2015-2016, 2018-ongoing";"Agricultural and Biological Sciences (miscellaneous) (Q1); Physics and Astronomy (miscellaneous) (Q1); Biochemistry, Genetics and Molecular Biology (miscellaneous) (Q2); Materials Science (miscellaneous) (Q2); Medicine (miscellaneous) (Q2); Space and Planetary Science (Q2)"
63;20541;"Computational Materials Science";journal;"09270256";0,812;Q1;97;738;1774;33947;4778;1746;2,74;46,00;Netherlands;"Elsevier BV";"1992-ongoing";"Chemistry (miscellaneous) (Q1); Computer Science (miscellaneous) (Q1); Physics and Astronomy (miscellaneous) (Q1); Computational Mathematics (Q2); Materials Science (miscellaneous) (Q2); Mechanics of Materials (Q2)"
64;27002;"Annals of Physics";journal;"00034916, 1096035X";0,803;Q1;91;264;878;13439;1782;860;2,11;50,91;United States;"Elsevier Inc.";"1957-ongoing";"Physics and Astronomy (miscellaneous) (Q1)"
65;130129;"Physical Review Special Topics - Accelerators and Beams";journal;"10984402";0,802;Q2;62;0;189;0;396;186;0,00;0,00;United States;"American Physical Society";"1998-2015";"Nuclear and High Energy Physics (Q2); Physics and Astronomy (miscellaneous) (Q2); Surfaces and Interfaces (Q2)"
66;5700165208;"Journal of Physics A: Mathematical and Theoretical";journal;"17518113, 17518121";0,783;Q2;128;539;1935;23411;3720;1896;2,09;43,43;United Kingdom;"Institute of Physics Publishing";"2007-ongoing";"Modeling and Simulation (Q1); Mathematical Physics (Q2); Physics and Astronomy (miscellaneous) (Q2); Statistical and Nonlinear Physics (Q2); Statistics and Probability (Q2)"
67;13712;"Continuum Mechanics and Thermodynamics";journal;"09351175, 14320959";0,774;Q2;44;122;231;4886;463;217;2,11;40,05;Germany;"Springer Verlag";"1989-ongoing";"Materials Science (miscellaneous) (Q2); Mechanics of Materials (Q2); Physics and Astronomy (miscellaneous) (Q2)"
68;11500153309;"Romanian Journal in Physics";journal;"1221146X";0,771;Q2;25;65;360;2241;453;358;1,46;34,48;Romania;"Editura Academiei Romane/Publishing House of the Romanian Academy";"2008-ongoing";"Physics and Astronomy (miscellaneous) (Q2)"
69;19700190315;"Beilstein Journal of Nanotechnology";journal;"21904286";0,769;Q2;46;285;734;14514;2105;686;2,44;50,93;Germany;"Beilstein-Institut Zur Forderung der Chemischen Wissenschaften";"2010-ongoing";"Electrical and Electronic Engineering (Q1); Materials Science (miscellaneous) (Q2); Nanoscience and Nanotechnology (Q2); Physics and Astronomy (miscellaneous) (Q2)"
70;29018;"International Journal of Modern Physics E";journal;"02183013";0,746;Q2;45;118;408;5825;623;398;1,42;49,36;Singapore;"World Scientific Publishing Co";"1996-ongoing";"Nuclear and High Energy Physics (Q2); Physics and Astronomy (miscellaneous) (Q2)"
71;28132;"Journal of Applied Physics";journal;"10897550, 00218979";0,746;Q2;294;2125;7793;87493;18058;7688;2,37;41,17;United States;"American Institute of Physics";"1931-ongoing";"Physics and Astronomy (miscellaneous) (Q2)"
72;21100237615;"Progress of Theoretical and Experimental Physics";journal;"20503911";0,739;Q2;31;142;507;6129;861;491;1,76;43,16;United Kingdom;"Oxford University Press";"2013-ongoing";"Physics and Astronomy (miscellaneous) (Q2)"
73;19600166401;"Science China: Physics, Mechanics and Astronomy";journal;"16747348";0,733;Q2;41;166;384;6836;1035;328;3,41;41,18;China;"Zhongguo Kexue Zazhishe/Science in China Press";"2010-ongoing";"Physics and Astronomy (miscellaneous) (Q2)"
74;29244;"Physics-Uspekhi";journal;"10637869, 14684780";0,731;Q2;69;76;243;9868;602;241;2,71;129,84;Russian Federation;"Russian Academy of Sciences";"1996-ongoing";"Physics and Astronomy (miscellaneous) (Q2)"
75;29234;"Physics Today";trade journal;"00319228";0,727;Q2;102;124;385;1064;392;355;0,95;8,58;United States;"American Institute of Physics";"1973-1975, 1977, 1979-1981, 1983-ongoing";"Physics and Astronomy (miscellaneous) (Q2)"
76;19700201416;"Frontiers of Physics";journal;"20950462, 20950470";0,714;Q2;31;138;246;6910;606;244;2,47;50,07;United States;"Springer Science + Business Media";"2011-ongoing";"Physics and Astronomy (miscellaneous) (Q2)"
77;5400152708;"Laser Physics Letters";journal;"1612202X, 16122011";0,711;Q2;65;330;744;9857;1626;740;2,34;29,87;United States;"Institute of Physics Publishing (IOP)";"2004-ongoing";"Instrumentation (Q1); Physics and Astronomy (miscellaneous) (Q2)"
78;27551;"Europhysics Letters";journal;"02955075, 12864854";0,710;Q2;144;461;2135;16721;4059;2098;1,90;36,27;United States;"Institute of Physics Publishing";"1986-1988, 1996-ongoing";"Physics and Astronomy (miscellaneous) (Q2)"
79;21100813704;"Physical Review Physics Education Research";journal;"24699896";0,708;Q2;10;85;179;4578;491;165;2,98;53,86;United States;"American Physical Society";"2016-ongoing";"Education (Q1); Physics and Astronomy (miscellaneous) (Q2)"
80;21322;"Flow, Turbulence and Combustion";journal;"13866184, 15731987";0,703;Q2;54;134;282;5662;718;273;2,46;42,25;Netherlands;"Kluwer Academic Publishers";"1996-ongoing";"Chemical Engineering (miscellaneous) (Q1); Physical and Theoretical Chemistry (Q2); Physics and Astronomy (miscellaneous) (Q2)"
81;23100;"Proceedings of the Japan Academy Series B: Physical and Biological Sciences";journal;"13492896, 03862208";0,703;Q2;46;33;123;2140;264;118;1,92;64,85;Japan;"Nippon Gakushiin/Japan Academy";"1996-ongoing";"Agricultural and Biological Sciences (miscellaneous) (Q1); Multidisciplinary (Q1); Medicine (miscellaneous) (Q2); Physics and Astronomy (miscellaneous) (Q2)"
82;4700151913;"Journal of Energetic Materials";journal;"07370652";0,693;Q2;29;47;101;1335;212;101;1,82;28,40;United Kingdom;"Taylor & Francis";"1983-ongoing";"Physics and Astronomy (miscellaneous) (Q2)"
83;13878;"European Journal of Mechanics, B/Fluids";journal;"09977546";0,679;Q2;58;153;393;5287;847;385;2,03;34,56;Netherlands;"Elsevier BV";"1990-1992, 1995-ongoing";"Mathematical Physics (Q2); Physics and Astronomy (miscellaneous) (Q2)"
84;26966;"Journal of Photochemistry and Photobiology A: Chemistry";journal;"10106030";0,657;Q2;145;677;1051;31837;3371;1046;3,31;47,03;Netherlands;"Elsevier BV";"1987-ongoing";"Chemical Engineering (miscellaneous) (Q1); Chemistry (miscellaneous) (Q2); Physics and Astronomy (miscellaneous) (Q2)"
85;29676;"Quantum Information and Computation";journal;"15337146";0,644;Q2;57;43;173;1344;281;172;1,54;31,26;United States;"Rinton Press, Inc.";"2001-ongoing";"Computational Theory and Mathematics (Q2); Mathematical Physics (Q2); Nuclear and High Energy Physics (Q2); Physics and Astronomy (miscellaneous) (Q2); Statistical and Nonlinear Physics (Q2); Theoretical Computer Science (Q2)"
86;12517;"Wave Motion";journal;"01652125";0,628;Q2;52;85;324;3156;571;315;1,73;37,13;Netherlands;"Elsevier BV";"1979-ongoing";"Physics and Astronomy (miscellaneous) (Q2)"
87;145515;"Waves in Random and Complex Media";journal;"17455030";0,624;Q2;40;120;158;2975;394;152;2,93;24,79;United Kingdom;"Taylor & Francis";"2005-ongoing";"Engineering (miscellaneous) (Q1); Physics and Astronomy (miscellaneous) (Q2)"
88;24680;"Diamond and Related Materials";journal;"09259635";0,617;Q2;101;277;645;12119;1574;638;2,34;43,75;Netherlands;"Elsevier BV";"1991-ongoing";"Electrical and Electronic Engineering (Q1); Chemistry (miscellaneous) (Q2); Electronic, Optical and Magnetic Materials (Q2); Materials Chemistry (Q2); Mechanical Engineering (Q2); Physics and Astronomy (miscellaneous) (Q2)"
89;19200156922;"Biointerphases";journal;"15594106, 19348630";0,613;Q2;37;83;326;4556;771;314;2,05;54,89;United States;"American Vacuum Society";"2008-ongoing";"Biochemistry, Genetics and Molecular Biology (miscellaneous) (Q2); Chemistry (miscellaneous) (Q2); Materials Science (miscellaneous) (Q2); Physics and Astronomy (miscellaneous) (Q2); Biomaterials (Q3)"
90;26997;"American Journal of Physics";journal;"00029505";0,609;Q2;81;128;384;2897;385;319;1,27;22,63;United States;"American Association of Physics Teachers";"1969, 1977-1978, 1984, 1986, 1989, 1996-ongoing";"Physics and Astronomy (miscellaneous) (Q2)"
91;27975;"General Relativity and Gravitation";journal;"00017701, 15729532";0,607;Q2;72;156;478;7344;699;448;1,54;47,08;Netherlands;"Kluwer Academic Publishers";"1970-ongoing";"Physics and Astronomy (miscellaneous) (Q2)"
92;29173;"Journal of the Physical Society of Japan";journal;"00319015";0,588;Q2;121;411;1275;15827;1884;1262;1,56;38,51;Japan;"Institute of Pure and Applied Physics";"1946-ongoing";"Physics and Astronomy (miscellaneous) (Q2)"
93;24531;"Acta Mathematica Scientia";journal;"02529602";0,587;Q2;27;123;364;3331;340;361;1,01;27,08;Netherlands;"Elsevier B.V.";"1996-2004, 2006-ongoing";"Mathematics (miscellaneous) (Q2); Physics and Astronomy (miscellaneous) (Q2)"
94;26586;"Chemical Physics Letters";journal;"00092614";0,577;Q2;219;838;2614;30405;4678;2574;1,92;36,28;Netherlands;"Elsevier BV";"1967-ongoing";"Physical and Theoretical Chemistry (Q2); Physics and Astronomy (miscellaneous) (Q2)"
95;13784;"Journal of Non-Equilibrium Thermodynamics";journal;"03400204, 14374358";0,564;Q2;31;30;75;1145;135;73;2,16;38,17;Germany;"Walter de Gruyter GmbH";"1976-1989, 1993-ongoing";"Chemistry (miscellaneous) (Q2); Physics and Astronomy (miscellaneous) (Q2)"
96;5600152816;"European Physical Journal: Special Topics";journal;"19516355, 19516401";0,562;Q2;64;112;767;4502;1606;724;1,78;40,20;Germany;"Springer Verlag";"2007-ongoing";"Materials Science (miscellaneous) (Q2); Physical and Theoretical Chemistry (Q2); Physics and Astronomy (miscellaneous) (Q2)"
97;27477;"Current Applied Physics";journal;"15671739";0,561;Q2;75;242;819;8724;1652;809;2,09;36,05;Netherlands;"Elsevier BV";"2001-ongoing";"Materials Science (miscellaneous) (Q2); Physics and Astronomy (miscellaneous) (Q2)"
98;12183;"Journal of Nonlinear Optical Physics and Materials";journal;"02188635";0,544;Q2;30;45;163;1621;268;161;2,00;36,02;Singapore;"World Scientific Publishing Co";"1996-ongoing";"Atomic and Molecular Physics, and Optics (Q2); Electronic, Optical and Magnetic Materials (Q2); Physics and Astronomy (miscellaneous) (Q2)"
99;14571;"Shock Waves";journal;"14322153, 09381287";0,544;Q2;46;99;226;3237;341;195;1,59;32,70;Germany;"Springer Verlag";"1991-ongoing";"Mechanical Engineering (Q2); Physics and Astronomy (miscellaneous) (Q2)"
100;21100241779;"Proceedings of the Romanian Academy Series A - Mathematics Physics Technical Sciences Information Science";conference and proceedings;"00002008";0,543;-;23;85;163;1776;231;163;1,49;20,89;Romania;"";"2008-ongoing";"Computer Science (miscellaneous); Engineering (miscellaneous); Mathematics (miscellaneous); Physics and Astronomy (miscellaneous)"
101;29464;"Physics Letters, Section A: General, Atomic and Solid State Physics";journal;"03759601";0,537;Q2;159;554;1893;20318;3820;1798;2,21;36,68;Netherlands;"Elsevier BV";"1963, 1965, 1967-ongoing";"Physics and Astronomy (miscellaneous) (Q2)"
102;21100201754;"European Physical Journal Plus";journal;"21905444";0,535;Q2;38;441;1258;18289;3267;1235;2,71;41,47;United States;"Springer Science + Business Media";"2011-ongoing";"Physics and Astronomy (miscellaneous) (Q2)"
103;19600157213;"GAMM Mitteilungen";journal;"09367195";0,534;Q2;13;24;43;829;54;35;1,47;34,54;Germany;"Wiley - V C H Verlag GmbbH & Co.";"2009-ongoing";"Applied Mathematics (Q2); Materials Science (miscellaneous) (Q2); Physics and Astronomy (miscellaneous) (Q2)"
104;4700152725;"International Journal of Astrobiology";journal;"14735504";0,534;Q2;31;69;161;2179;218;132;1,47;31,58;United Kingdom;"Cambridge University Press";"2002-ongoing";"Earth and Planetary Sciences (miscellaneous) (Q2); Ecology, Evolution, Behavior and Systematics (Q2); Physics and Astronomy (miscellaneous) (Q2); Space and Planetary Science (Q3)"
105;29122;"Physica Scripta";journal;"00318949";0,534;Q2;71;149;1117;6421;1731;1040;2,06;43,09;United States;"Institute of Physics Publishing";"1979-1980, 1984-1989, 1992-ongoing";"Atomic and Molecular Physics, and Optics (Q2); Condensed Matter Physics (Q2); Mathematical Physics (Q2); Physics and Astronomy (miscellaneous) (Q2)"
106;13715;"Entropy";journal;"10994300";0,524;Q2;51;987;1538;41614;4244;1510;2,70;42,16;Switzerland;"Multidisciplinary Digital Publishing Institute (MDPI)";"1999-ongoing";"Physics and Astronomy (miscellaneous) (Q2)"
107;13713;"Cryogenics";journal;"00112275";0,523;Q2;52;124;321;3061;503;316;1,49;24,69;United Kingdom;"Elsevier Ltd.";"1961-ongoing";"Materials Science (miscellaneous) (Q2); Physics and Astronomy (miscellaneous) (Q2)"
108;21100831025;"Frontiers in Physics";journal;"2296424X";0,519;Q2;8;135;71;8406;159;67;2,37;62,27;Switzerland;"Frontiers Media S.A.";"2017-ongoing";"Materials Science (miscellaneous) (Q2); Mathematical Physics (Q2); Physical and Theoretical Chemistry (Q2); Physics and Astronomy (miscellaneous) (Q2); Biophysics (Q3)"
109;145625;"Ionics";journal;"09477047";0,518;Q2;48;495;1015;19955;2268;982;2,27;40,31;Germany;"Institute for Ionics";"1995-ongoing";"Engineering (miscellaneous) (Q1); Chemical Engineering (miscellaneous) (Q2); Materials Science (miscellaneous) (Q2); Physics and Astronomy (miscellaneous) (Q2)"
110;18465;"Fluid Dynamics Research";journal;"01695983";0,515;Q2;43;97;201;3144;215;194;1,02;32,41;United States;"Institute of Physics Publishing";"1986-ongoing";"Fluid Flow and Transfer Processes (Q1); Mechanical Engineering (Q2); Physics and Astronomy (miscellaneous) (Q2)"
111;19900193962;"AIP Advances";journal;"21583226";0,504;Q2;44;1829;3632;50894;6237;3577;1,62;27,83;United States;"American Institute of Physics Inc.";"2011-ongoing";"Nanoscience and Nanotechnology (Q2); Physics and Astronomy (miscellaneous) (Q2)"
112;29252;"Plasma Physics Reports";journal;"1063780X";0,501;Q2;40;124;352;3358;427;351;1,11;27,08;Russian Federation;"Maik Nauka/Interperiodica Publishing";"1996-ongoing";"Condensed Matter Physics (Q2); Physics and Astronomy (miscellaneous) (Q2)"
113;28115;"JETP Letters";journal;"10906487, 00213640";0,500;Q2;67;304;984;7186;1316;977;1,41;23,64;Russian Federation;"Maik Nauka/Interperiodica Publishing";"1969-1971, 1996-ongoing";"Physics and Astronomy (miscellaneous) (Q2)"
114;26938;"Acta Physica Slovaca";journal;"03230465";0,492;Q2;29;2;11;277;22;11;0,80;138,50;Slovakia;"Slovenska Akademia Vied";"1996-ongoing";"Physics and Astronomy (miscellaneous) (Q2)"
115;18535;"International Journal of Fluid Power";journal;"14399776";0,490;Q2;22;15;47;542;75;44;1,67;36,13;United Kingdom;"Taylor & Francis";"2000-ongoing";"Mechanical Engineering (Q2); Physics and Astronomy (miscellaneous) (Q2)"
116;12249;"Studies in History and Philosophy of Science Part B Studies in History and Philosophy of Modern Physics";journal;"13552198";0,490;Q2;35;50;125;2293;137;112;1,19;45,86;Netherlands;"Elsevier BV";"1995-ongoing";"History (Q1); History and Philosophy of Science (Q1); Physics and Astronomy (miscellaneous) (Q2)"
117;26881;"Combustion Science and Technology";journal;"1563521X, 00102202";0,489;Q2;68;217;359;7398;652;352;1,73;34,09;United Kingdom;"Taylor & Francis";"1969-ongoing";"Chemical Engineering (miscellaneous) (Q2); Chemistry (miscellaneous) (Q2); Energy Engineering and Power Technology (Q2); Fuel Technology (Q2); Physics and Astronomy (miscellaneous) (Q2)"
118;13711;"Combustion Theory and Modelling";journal;"13647830";0,482;Q2;55;67;143;3274;260;138;1,75;48,87;United Kingdom;"Taylor & Francis";"1997-ongoing";"Chemical Engineering (miscellaneous) (Q2); Chemistry (miscellaneous) (Q2); Energy Engineering and Power Technology (Q2); Fuel Technology (Q2); Modeling and Simulation (Q2); Physics and Astronomy (miscellaneous) (Q2)"
119;26584;"Chemical Physics";journal;"03010104";0,481;Q2;110;306;662;14664;1102;651;1,82;47,92;Netherlands;"Elsevier BV";"1973-ongoing";"Physics and Astronomy (miscellaneous) (Q2); Physical and Theoretical Chemistry (Q3)"
120;130262;"Japanese Journal of Applied Physics, Part 1: Regular Papers & Short Notes";journal;"00214922";0,471;Q2;116;1435;3623;48074;5396;3543;1,52;33,50;Japan;"Japan Society of Applied Physics";"1982-2008, 2013-ongoing";"Engineering (miscellaneous) (Q1); Physics and Astronomy (miscellaneous) (Q2)"
121;27454;"Composite Interfaces";journal;"09276440, 15685543";0,462;Q2;40;78;189;3557;367;182;2,17;45,60;United Kingdom;"Taylor & Francis";"1993-ongoing";"Ceramics and Composites (Q2); Physics and Astronomy (miscellaneous) (Q2); Surfaces, Coatings and Films (Q2)"
122;19900192162;"Results in Physics";journal;"22113797";0,452;Q2;27;737;875;23076;2740;871;3,28;31,31;Netherlands;"Elsevier BV";"2011-ongoing";"Physics and Astronomy (miscellaneous) (Q2)"
123;23897;"Journal of Geometry and Physics";journal;"03930440";0,450;Q2;45;241;619;6155;474;604;0,84;25,54;Netherlands;"Elsevier BV";"1984-1990, 1992-ongoing";"Physics and Astronomy (miscellaneous) (Q2); Geometry and Topology (Q3); Mathematical Physics (Q3)"
124;28517;"Journal of Experimental and Theoretical Physics";journal;"10637761, 10906509";0,447;Q2;50;216;714;7040;839;705;1,13;32,59;Russian Federation;"Maik Nauka/Interperiodica Publishing";"1997-ongoing";"Physics and Astronomy (miscellaneous) (Q2)"
125;27536;"European Journal of Physics";journal;"01430807";0,441;Q2;38;249;682;5838;573;662;0,91;23,45;United Kingdom;"Institute of Physics Publishing";"1980-ongoing";"Physics and Astronomy (miscellaneous) (Q2)"
126;14371;"Fluid Dynamics";journal;"15738507, 00154628";0,438;Q2;19;103;271;2137;217;267;0,76;20,75;Russian Federation;"Maik Nauka/Interperiodica Publishing";"1966, 1968-ongoing";"Fluid Flow and Transfer Processes (Q2); Mechanical Engineering (Q2); Physics and Astronomy (miscellaneous) (Q2)"
127;34667;"Microgravity Science and Technology";journal;"09380108";0,436;Q2;27;95;158;2973;277;155;1,93;31,29;Netherlands;"Springer Netherlands";"1990-1999, 2001-ongoing";"Engineering (miscellaneous) (Q1); Modeling and Simulation (Q2); Physics and Astronomy (miscellaneous) (Q2); Applied Mathematics (Q3)"
128;12966;"Chinese Journal of Physics";journal;"05779073, 23099097";0,431;Q2;25;308;480;11226;1030;477;2,56;36,45;Taiwan;"Zhonghua Minguo Wuli Xuehui";"1996-ongoing";"Physics and Astronomy (miscellaneous) (Q2)"
129;12311;"Technical Physics Letters";journal;"10906533, 10637850";0,396;Q2;29;348;976;4215;876;972;0,99;12,11;Russian Federation;"Maik Nauka/Interperiodica Publishing";"1996-ongoing";"Physics and Astronomy (miscellaneous) (Q2)"
130;17870;"Nondestructive Testing and Evaluation";journal;"10589759";0,392;Q3;25;32;74;851;114;74;1,61;26,59;United Kingdom;"Taylor & Francis";"1989-2003, 2005-ongoing";"Materials Science (miscellaneous) (Q2); Mechanical Engineering (Q2); Mechanics of Materials (Q3); Physics and Astronomy (miscellaneous) (Q3)"
131;27502;"Doklady Physics";journal;"10283358, 15626903";0,390;Q3;25;125;414;1280;314;410;0,83;10,24;Russian Federation;"Maik Nauka/Interperiodica Publishing";"1996-ongoing";"Computational Mechanics (Q2); Mechanics of Materials (Q3); Physics and Astronomy (miscellaneous) (Q3)"
132;27956;"Foundations of Physics";journal;"15729516, 00159018";0,381;Q3;46;100;262;3977;283;247;1,34;39,77;United States;"Kluwer Academic/Plenum Publishers";"1970-ongoing";"Physics and Astronomy (miscellaneous) (Q3)"
133;12965;"Zeitschrift für Naturforschung - Section A Journal of Physical Sciences";journal;"09320784";0,370;Q3;42;133;409;4597;467;405;1,12;34,56;Germany;"Walter de Gruyter GmbH";"1996-ongoing";"Mathematical Physics (Q3); Physical and Theoretical Chemistry (Q3); Physics and Astronomy (miscellaneous) (Q3)"
134;21100834919;"SEMA SIMAI Springer Series";book series;"21993041, 2199305X";0,365;Q3;6;35;118;1234;60;44;1,62;35,26;Switzerland;"Springer International Publishing AG";"2012-ongoing";"Agricultural and Biological Sciences (miscellaneous) (Q2); Fluid Flow and Transfer Processes (Q2); Industrial and Manufacturing Engineering (Q2); Applied Mathematics (Q3); Computational Mathematics (Q3); Computational Mechanics (Q3); Numerical Analysis (Q3); Physics and Astronomy (miscellaneous) (Q3)"
135;21100199757;"European Physical Journal H";journal;"21026459";0,363;Q3;18;18;45;1544;38;45;0,87;85,78;Germany;"Springer Verlag";"2010-ongoing";"Physics and Astronomy (miscellaneous) (Q3)"
136;21100201037;"Journal of Astronomy and Space Science";journal;"20935587, 20931409";0,358;Q3;10;22;126;738;90;125;0,74;33,55;South Korea;"The Korean Space Science Society";"2010-ongoing";"Earth and Planetary Sciences (miscellaneous) (Q2); Physics and Astronomy (miscellaneous) (Q3)"
137;12310;"Technical Physics";journal;"10637842, 10906525";0,356;Q3;29;303;966;5450;720;963;0,73;17,99;Russian Federation;"Maik Nauka/Interperiodica Publishing";"1996-ongoing";"Physics and Astronomy (miscellaneous) (Q3)"
138;4700152498;"Archives of Thermodynamics";journal;"20836023, 12310956";0,345;Q3;11;34;100;740;100;99;1,14;21,76;Poland;"Polish Academy of Sciences";"2003-ongoing";"Physics and Astronomy (miscellaneous) (Q3)"
139;37960;"Magnetohydrodynamics";journal;"0024998X";0,344;Q3;21;50;204;579;151;197;0,75;11,58;United States;"Consultants Bureau";"1970-1991, 2008-ongoing";"Electrical and Electronic Engineering (Q2); Physics and Astronomy (miscellaneous) (Q3)"
140;4700152702;"International Journal of Geometric Methods in Modern Physics";journal;"02198878";0,342;Q3;25;223;523;9604;504;514;0,98;43,07;Singapore;"World Scientific Publishing Co";"2005-ongoing";"Physics and Astronomy (miscellaneous) (Q3)"
141;11500153404;"Chinese Physics B";journal;"16741056";0,339;Q3;43;1043;3220;42485;4071;3216;1,33;40,73;United States;"Institute of Physics Publishing";"2008-ongoing";"Physics and Astronomy (miscellaneous) (Q3)"
142;27453;"Communications in Theoretical Physics";journal;"02536102";0,330;Q3;43;210;660;7765;820;660;1,42;36,98;United States;"Institute of Physics Publishing";"1996-ongoing";"Physics and Astronomy (miscellaneous) (Q3)"
143;29642;"Pramana - Journal of Physics";journal;"03044289, 09737111";0,318;Q3;43;167;583;6093;623;567;1,11;36,49;India;"Springer India";"1973-ongoing";"Physics and Astronomy (miscellaneous) (Q3)"
144;27048;"Baozha Yu Chongji/Expolosion and Shock Waves";journal;"10011455";0,315;Q3;25;180;421;2949;208;421;0,47;16,38;China;"Explosion and Shock Waves";"1996-ongoing";"Physics and Astronomy (miscellaneous) (Q3)"
145;13789;"Low Temperature Physics";journal;"10906517, 1063777X";0,313;Q3;35;174;535;6589;414;521;0,81;37,87;United States;"American Institute of Physics";"1987-1989, 1996-ongoing";"Physics and Astronomy (miscellaneous) (Q3)"
146;21100788924;"African Journal of Research in Mathematics, Science and Technology Education";journal;"18117295, 24697656";0,310;Q3;12;36;82;1096;44;81;0,55;30,44;United Kingdom;"Taylor and Francis Ltd.";"1997-ongoing";"Engineering (miscellaneous) (Q2); Computer Science Applications (Q3); Education (Q3); Mathematics (miscellaneous) (Q3); Physics and Astronomy (miscellaneous) (Q3)"
147;28139;"Journal of Electromagnetic Waves and Applications";journal;"15693937, 09205071";0,308;Q3;46;181;552;5090;744;542;1,42;28,12;United Kingdom;"Taylor & Francis";"1987-ongoing";"Electrical and Electronic Engineering (Q2); Electronic, Optical and Magnetic Materials (Q3); Physics and Astronomy (miscellaneous) (Q3)"
148;28077;"International Journal of Modern Physics C";journal;"01291831";0,302;Q3;57;137;451;4547;490;448;1,10;33,19;Singapore;"World Scientific Publishing Co";"1996-ongoing";"Computational Theory and Mathematics (Q3); Computer Science Applications (Q3); Mathematical Physics (Q3); Physics and Astronomy (miscellaneous) (Q3); Statistical and Nonlinear Physics (Q3)"
149;4400151401;"Condensed Matter Physics";journal;"1607324X, 22249079";0,300;Q3;21;47;174;1500;134;165;0,90;31,91;Ukraine;"Institute for Condensed Matter Physics of the National Academy of Sciences of Ukraine";"2005-ongoing";"Condensed Matter Physics (Q3); Physics and Astronomy (miscellaneous) (Q3)"
150;26937;"Acta Physica Polonica, Series B.";journal;"05874254";0,296;Q3;55;167;708;5100;409;696;0,61;30,54;Poland;"Jagiellonian University Press";"1996-ongoing";"Physics and Astronomy (miscellaneous) (Q3)"
151;21100818722;"Cybernetics and Physics";journal;"22237038, 22264116";0,296;Q3;4;26;53;786;62;52;1,19;30,23;Russian Federation;"Institute of Problems of Mechanical Engineering, Russian Academy of Sciences";"2016-ongoing";"Fluid Flow and Transfer Processes (Q2); Artificial Intelligence (Q3); Computer Vision and Pattern Recognition (Q3); Control and Optimization (Q3); Physics and Astronomy (miscellaneous) (Q3); Signal Processing (Q3)"
152;28078;"International Journal of Theoretical Physics";journal;"15729575, 00207748";0,295;Q3;54;370;1204;12215;1218;1190;1,11;33,01;United States;"Kluwer Academic/Plenum Publishers";"1968-ongoing";"Mathematics (miscellaneous) (Q3); Physics and Astronomy (miscellaneous) (Q3)"
153;19400158455;"Mapan - Journal of Metrology Society of India";journal;"09703950, 09749853";0,293;Q3;13;57;104;1713;124;103;1,32;30,05;India;"Springer India";"2009-ongoing";"Physics and Astronomy (miscellaneous) (Q3)"
154;27432;"Chinese Physics Letters";journal;"0256307X";0,292;Q3;59;287;1414;8008;1305;1410;0,98;27,90;United Kingdom;"Institute of Physics Publishing";"1996-ongoing";"Physics and Astronomy (miscellaneous) (Q3)"
155;25805;"UPB Scientific Bulletin, Series A: Applied Mathematics and Physics";journal;"12237027";0,290;Q3;17;115;339;2438;180;339;0,50;21,20;Romania;"Universitatea Politehnica Bucuresti";"1996-ongoing";"Applied Mathematics (Q3); Physics and Astronomy (miscellaneous) (Q3)"
156;27951;"Annales de la Fondation Louis de Broglie";journal;"01824295";0,289;Q3;15;7;20;204;26;19;1,37;29,14;France;"Fondation Louis de Broglie";"1996-ongoing";"Physics and Astronomy (miscellaneous) (Q3)"
157;19700188325;"Frontiers in Heat and Mass Transfer";journal;"21518629";0,289;Q3;16;65;134;2137;167;134;1,36;32,88;United States;"Global Digital Central";"2010-ongoing";"Engineering (miscellaneous) (Q2); Materials Science (miscellaneous) (Q3); Physics and Astronomy (miscellaneous) (Q3)"
158;12893;"Combustion, Explosion and Shock Waves";journal;"15738345, 00105082";0,288;Q3;35;94;269;2038;310;269;0,83;21,68;Netherlands;"Kluwer Academic Publishers";"1965-ongoing";"Chemical Engineering (miscellaneous) (Q3); Chemistry (miscellaneous) (Q3); Energy Engineering and Power Technology (Q3); Fuel Technology (Q3); Physics and Astronomy (miscellaneous) (Q3)"
159;23247;"International Journal of Nonlinear Sciences and Numerical Simulation";journal;"15651339, 21910294";0,288;Q3;53;68;128;2380;142;128;0,96;35,00;Germany;"Walter de Gruyter GmbH";"2000-ongoing";"Engineering (miscellaneous) (Q2); Applied Mathematics (Q3); Computational Mechanics (Q3); Mechanics of Materials (Q3); Modeling and Simulation (Q3); Physics and Astronomy (miscellaneous) (Q3); Statistical and Nonlinear Physics (Q3)"
160;19800188068;"International Journal of Spray and Combustion Dynamics";journal;"17568277, 17568285";0,288;Q3;12;25;68;1038;96;66;1,45;41,52;United Kingdom;"SAGE Publications Inc.";"2011-ongoing";"Automotive Engineering (Q2); Energy Engineering and Power Technology (Q3); Physics and Astronomy (miscellaneous) (Q3)"
161;21100201542;"Symmetry";journal;"20738994";0,287;Q3;24;749;501;28958;1140;492;2,51;38,66;Switzerland;"Multidisciplinary Digital Publishing Institute (MDPI)";"2009-ongoing";"Computer Science (miscellaneous) (Q2); Chemistry (miscellaneous) (Q3); Mathematics (miscellaneous) (Q3); Physics and Astronomy (miscellaneous) (Q3)"
162;19700166617;"International Journal of Mechanics";journal;"19984448";0,282;Q3;16;30;139;739;137;139;1,14;24,63;United States;"North Atlantic University Union";"2009-ongoing";"Electrical and Electronic Engineering (Q2); Physics and Astronomy (miscellaneous) (Q3)"
163;19700173018;"Physics of Wave Phenomena";journal;"1934807X, 1541308X";0,282;Q3;11;45;147;1006;107;143;0,76;22,36;United States;"Springer Science + Business Media";"2009-ongoing";"Physics and Astronomy (miscellaneous) (Q3)"
164;19200156904;"Chalcogenide Letters";journal;"15848663";0,280;Q3;25;73;209;1836;193;193;1,05;25,15;Romania;"National Institute of Materials Physics, National Institute of Optoelectronics";"2006-ongoing";"Chemistry (miscellaneous) (Q3); Electronic, Optical and Magnetic Materials (Q3); Physics and Astronomy (miscellaneous) (Q3)"
165;19700182808;"Plasma Medicine";journal;"19475772, 19475764";0,278;Q3;15;11;93;398;102;90;1,12;36,18;United States;"Begell House Inc.";"2011-ongoing";"Biomedical Engineering (Q3); Physics and Astronomy (miscellaneous) (Q3)"
166;144982;"Physics Education";journal;"00319120";0,277;Q3;16;174;478;1743;245;444;0,58;10,02;United Kingdom;"Institute of Physics";"1966-1995, 2005-ongoing";"Education (Q3); Physics and Astronomy (miscellaneous) (Q3)"
167;21100775055;"Journal of Theoretical and Applied Physics";journal;"22517227, 22517235";0,267;Q3;7;41;82;1249;99;82;1,21;30,46;United Kingdom;"Springer Open";"2012-2013, 2016-ongoing";"Physics and Astronomy (miscellaneous) (Q3)"
168;29428;"Fluctuation and Noise Letters";journal;"02194775";0,263;Q3;24;42;122;1354;116;122;0,99;32,24;Singapore;"World Scientific Publishing Co";"2004-2008, 2010-ongoing";"Mathematics (miscellaneous) (Q3); Physics and Astronomy (miscellaneous) (Q3)"
169;145208;"Indian Journal of Physics";journal;"09731458, 09749845";0,256;Q3;26;171;508;6591;520;506;1,09;38,54;India;"Indian Physical Society";"2005-ongoing";"Physics and Astronomy (miscellaneous) (Q3)"
170;28721;"Moscow University Physics Bulletin (English Translation of Vestnik Moskovskogo Universiteta, Fizika)";journal;"00271349";0,256;Q3;12;87;252;2131;180;250;0,72;24,49;United States;"Allerton Press Inc.";"1975-1977, 1982-1989, 2009-ongoing";"Physics and Astronomy (miscellaneous) (Q3)"
171;19700174657;"Lithuanian Journal of Physics";journal;"16488504";0,253;Q3;14;20;87;527;65;87;0,76;26,35;Lithuania;"Lithuanian Physical Society";"2008-ongoing";"Physics and Astronomy (miscellaneous) (Q3)"
172;27404;"Brazilian Journal of Physics";journal;"01039733";0,252;Q3;41;61;238;2617;233;235;0,88;42,90;United States;"Springer New York LLC";"1996-ongoing";"Physics and Astronomy (miscellaneous) (Q3)"
173;4700152704;"International Journal of Quantum Information";journal;"02197499";0,252;Q3;31;78;238;2318;195;218;0,92;29,72;Singapore;"World Scientific Publishing Co";"2005-ongoing";"Physics and Astronomy (miscellaneous) (Q3)"
174;27420;"Canadian Journal of Physics";journal;"00084204, 12086045";0,248;Q3;48;196;551;6237;503;537;1,02;31,82;Canada;"NRC Research Press";"1970-1991, 1993-1994, 1996-ongoing";"Physics and Astronomy (miscellaneous) (Q3)"
175;12400154705;"Physics Procedia";conference and proceedings;"00002008, 00002011, 00002013";0,248;-;44;0;2276;0;1692;2221;0,98;0,00;Netherlands;"";"2008-2011, 2013-ongoing";"Physics and Astronomy (miscellaneous)"
176;19700173019;"Journal of Contemporary Physics";journal;"19349378, 10683372";0,247;Q3;10;50;168;862;85;165;0,59;17,24;United States;"Springer Science + Business Media";"2009-ongoing";"Physics and Astronomy (miscellaneous) (Q3)"
177;21100375849;"Open Physics";journal;"23915471";0,237;Q3;30;135;277;3706;279;275;1,05;27,45;Germany;"Walter de Gruyter GmbH";"2015-ongoing";"Physics and Astronomy (miscellaneous) (Q3)"
178;130022;"Progress in Biomedical Optics and Imaging - Proceedings of SPIE";conference and proceedings;"00002004";0,234;-;47;2131;6717;36751;3311;6496;0,57;17,25;United States;"";"2004-ongoing";"Engineering (miscellaneous); Medicine (miscellaneous); Physics and Astronomy (miscellaneous)"
179;77152;"Lecture Notes in Physics";book series;"00758450, 16166361";0,228;Q3;48;91;549;2323;191;246;1,50;25,53;Germany;"Springer Verlag";"1981-1985, 1995, 2005-ongoing";"Physics and Astronomy (miscellaneous) (Q3)"
180;21100305004;"Journal of Siberian Federal University - Mathematics and Physics";journal;"19971397";0,227;Q3;4;94;184;1274;53;184;0,29;13,55;Russian Federation;"Siberian Federal University";"2014-ongoing";"Mathematics (miscellaneous) (Q3); Physics and Astronomy (miscellaneous) (Q3)"
181;29040;"Cailiao Rechuli Xuebao/Transactions of Materials and Heat Treatment";journal;"10096264";0,224;Q3;17;269;1382;5156;489;1382;0,35;19,17;China;"Jing'en Zhou";"2001-ongoing";"Materials Science (miscellaneous) (Q3); Physics and Astronomy (miscellaneous) (Q3)"
182;21100466428;"Herald of the Bauman Moscow State Technical University, Series Natural Sciences";journal;"18123368";0,223;Q3;3;41;124;632;33;124;0,27;15,41;Russian Federation;"Bauman University Publishing House";"2016-ongoing";"Engineering (miscellaneous) (Q2); Chemistry (miscellaneous) (Q3); Computer Science (miscellaneous) (Q3); Mathematics (miscellaneous) (Q3); Physics and Astronomy (miscellaneous) (Q3)"
183;130053;"Journal of Physics: Conference Series";journal;"17426588, 17426596";0,221;Q3;65;14424;21895;207237;11077;21063;0,54;14,37;United Kingdom;"Institute of Physics";"2005-ongoing";"Physics and Astronomy (miscellaneous) (Q3)"
184;28036;"Indian Journal of Pure and Applied Physics";journal;"00195596";0,220;Q3;34;86;306;2910;263;306;0,84;33,84;India;"Scientific Publishers";"1969, 1971, 1974-1990, 1993-ongoing";"Physics and Astronomy (miscellaneous) (Q3)"
185;28637;"Journal of the Korean Physical Society";journal;"03744884";0,220;Q3;42;518;1557;14393;905;1515;0,65;27,79;South Korea;"Han'guk Mulli Hakhoe";"1996-ongoing";"Physics and Astronomy (miscellaneous) (Q3)"
186;90906;"Jisuan Wuli/Chinese Journal of Computational Physics";journal;"1001246X";0,219;Q3;13;75;264;1801;140;264;0,57;24,01;China;"Ji suan wu li bian ji bu";"2004-ongoing";"Physics and Astronomy (miscellaneous) (Q3); Applied Mathematics (Q4); Modeling and Simulation (Q4)"
187;26936;"Acta Physica Polonica A";journal;"05874246";0,217;Q3;32;593;2378;11313;1483;2346;0,59;19,08;Poland;"Polska Akademia Nauk";"1996-ongoing";"Physics and Astronomy (miscellaneous) (Q3)"
188;19700174662;"Acta Physica Polonica B, Proceedings Supplement";journal;"18992358";0,217;Q3;16;104;420;1814;141;420;0,39;17,44;Poland;"Jagiellonian University Press";"2008-ongoing";"Physics and Astronomy (miscellaneous) (Q3)"
189;12548;"Wuli Xuebao/Acta Physica Sinica";journal;"10003290";0,216;Q3;42;788;3162;28410;2402;3161;0,79;36,05;China;"Kexue Chubaneshe/Science Press";"1993-ongoing";"Physics and Astronomy (miscellaneous) (Q3)"
190;17294;"Defence Science Journal";journal;"0011748X";0,214;Q3;27;85;281;1820;195;274;0,68;21,41;India;"Defence Scientific Information & Documentation Centre";"1970-1989, 1991-ongoing";"Chemical Engineering (miscellaneous) (Q3); Electrical and Electronic Engineering (Q3); Mechanical Engineering (Q3); Physics and Astronomy (miscellaneous) (Q3); Biomedical Engineering (Q4); Computer Science Applications (Q4)"
191;12000154541;"Ukrainian Journal of Physics";journal;"20710186, 20710194";0,210;Q3;14;124;396;3567;198;389;0,59;28,77;Ukraine;"Naukova Dumka";"2008-ongoing";"Physics and Astronomy (miscellaneous) (Q3)"
192;21100432450;"New Physics: Sae Mulli";journal;"22890041, 03744914";0,209;Q3;5;190;639;3922;153;627;0,24;20,64;South Korea;"Korean Physical Society";"2015-ongoing";"Physics and Astronomy (miscellaneous) (Q3)"
193;3900148203;"Bulletin of the Russian Academy of Sciences: Physics";journal;"10628738";0,208;Q3;17;343;1038;4819;378;1036;0,37;14,05;United States;"Allerton Press Inc.";"2005-ongoing";"Physics and Astronomy (miscellaneous) (Q3)"
194;19900192029;"Advances in Mathematical Physics";journal;"16879120, 16879139";0,206;Q3;17;137;365;3925;249;360;0,75;28,65;Egypt;"Hindawi Publishing Corporation";"2009-ongoing";"Physics and Astronomy (miscellaneous) (Q3); Applied Mathematics (Q4)"
195;20447;"International Journal of Fluid Mechanics Research";journal;"10642277";0,206;Q4;16;36;102;1134;57;101;0,43;31,50;United States;"Begell House";"1996-ongoing";"Mechanical Engineering (Q3); Physics and Astronomy (miscellaneous) (Q4)"
196;14497;"Mechanics of Solids";journal;"00256544";0,204;Q4;14;57;217;894;130;212;0,42;15,68;United States;"Allerton Press Inc.";"1975-1989, 2008-ongoing";"Mechanics of Materials (Q4); Physics and Astronomy (miscellaneous) (Q4)"
197;33903;"Soviet Physics Journal (English Translation of Izvestiia Vysshykh Uchebnykh Zavedenii, Fizika)";journal;"00385697";0,204;Q4;7;366;338;5552;200;334;0,60;15,17;United States;"Consultants Bureau";"1965, 1967-1992";"Physics and Astronomy (miscellaneous) (Q4)"
198;4700151711;"Journal for the History of Astronomy";journal;"00218286";0,202;Q4;15;16;70;730;30;64;0,50;45,63;United States;"SAGE Publications Inc.";"1970-ongoing";"Arts and Humanities (miscellaneous) (Q3); Astronomy and Astrophysics (Q4); Physics and Astronomy (miscellaneous) (Q4)"
199;4700152850;"Revista Brasileira de Ensino de Fisica";journal;"18061117, 18069126";0,201;Q4;9;85;243;2364;57;237;0,26;27,81;Brazil;"Sociedade Brasileira de Fisica";"2006-ongoing";"Education (Q3); Physics and Astronomy (miscellaneous) (Q4)"
200;21100199540;"AAPP Atti della Accademia Peloritana dei Pericolanti, Classe di Scienze Fisiche, Matematiche e Naturali";journal;"03650359, 18251242";0,200;Q4;10;45;39;1080;23;39;0,36;24,00;Italy;"Accademia Peloritana dei Pericolanti";"2003, 2005-ongoing";"Agricultural and Biological Sciences (miscellaneous) (Q3); Chemistry (miscellaneous) (Q3); Computer Science (miscellaneous) (Q3); Earth and Planetary Sciences (miscellaneous) (Q3); History and Philosophy of Science (Q3); Mathematics (miscellaneous) (Q4); Physics and Astronomy (miscellaneous) (Q4)"
201;21100864538;"Izvestiya Vysshikh Uchebnykh Zavedeniy. Prikladnaya Nelineynaya Dinamika";journal;"08696632, 25421905";0,200;Q4;2;33;36;1086;13;32;0,41;32,91;Russian Federation;"Saratov State University";"2017-ongoing";"Applied Mathematics (Q4); Physics and Astronomy (miscellaneous) (Q4); Statistical and Nonlinear Physics (Q4)"
202;21100217636;"Journal of Thermodynamics";journal;"16879252, 16879244";0,199;Q4;8;0;27;0;19;27;0,87;0,00;Egypt;"Hindawi Publishing Corporation";"2012-ongoing";"Biophysics (Q4); Physical and Theoretical Chemistry (Q4); Physics and Astronomy (miscellaneous) (Q4)"
203;21100875598;"Fizika Nizkikh Temperatur";journal;"01326414, 18160328";0,196;Q4;21;178;493;5675;174;487;0,38;31,88;Ukraine;"ILTPE-B. Verkin Institute for Low Temperature Physics and Engineering";"1987-1989, 1996-ongoing";"Physics and Astronomy (miscellaneous) (Q4)"
204;28119;"Johns Hopkins APL Technical Digest (Applied Physics Laboratory)";journal;"02705214";0,196;Q4;30;24;39;374;20;39;0,12;15,58;United States;"Johns Hopkins University Press";"1981-1994, 1996-ongoing";"Engineering (miscellaneous) (Q2); Physics and Astronomy (miscellaneous) (Q4)"
205;12384;"Topics in Applied Physics";book series;"03034216";0,194;Q4;34;0;124;0;59;55;9,75;0,00;Germany;"Springer Verlag";"1983, 1985, 2005-ongoing";"Physics and Astronomy (miscellaneous) (Q4)"
206;21100429007;"Journal of Computational and Theoretical Transport";journal;"23324309, 23324325";0,191;Q4;25;23;74;422;43;73;0,62;18,35;United Kingdom;"Taylor and Francis Ltd.";"2013-ongoing";"Applied Mathematics (Q4); Mathematical Physics (Q4); Physics and Astronomy (miscellaneous) (Q4); Statistical and Nonlinear Physics (Q4); Transportation (Q4)"
207;19900193630;"Journal of Physical Science";journal;"16753402, 21804230";0,191;Q4;14;78;94;1846;75;93;0,71;23,67;Malaysia;"Penerbit Universiti Sains Malaysia";"2011-ongoing";"Materials Science (miscellaneous) (Q3); Physics and Astronomy (miscellaneous) (Q4)"
208;21100776052;"41st European Rotorcraft Forum 2015, ERF 2015";conference and proceedings;"00002015";0,190;-;8;0;314;0;90;308;0,22;0,00;Germany;"";"2015";"Physics and Astronomy (miscellaneous)"
209;17600155202;"Journal of Nano Research";journal;"16625250";0,190;Q4;16;51;325;1729;251;318;0,73;33,90;Switzerland;"Trans Tech Publications Ltd.";"2008-ongoing";"Materials Science (miscellaneous) (Q3); Nanoscience and Nanotechnology (Q4); Physics and Astronomy (miscellaneous) (Q4)"
210;29758;"Revista Mexicana de Fisica";journal;"0035001X";0,190;Q4;23;35;182;1055;121;182;0,66;30,14;Mexico;"Siciedad Mexicana de Fisica";"1996-ongoing";"Education (Q4); Physics and Astronomy (miscellaneous) (Q4)"
211;19700188800;"Electronics and Communications in Japan";journal;"19429533";0,187;Q4;11;99;291;1506;79;290;0,24;15,21;United States;"Wiley-Blackwell";"1975, 2008-ongoing";"Computer Networks and Communications (Q3); Electrical and Electronic Engineering (Q3); Applied Mathematics (Q4); Physics and Astronomy (miscellaneous) (Q4); Signal Processing (Q4)"
212;19700201519;"Iranian Journal of Physics Research";journal;"16826957";0,187;Q4;3;60;221;1218;15;221;0,09;20,30;Iran;"Isfahan University of Technology";"2010-ongoing";"Physics and Astronomy (miscellaneous) (Q4)"
213;21100840337;"Baghdad Science Journal";journal;"24117986, 20788665";0,186;Q4;3;68;99;1528;19;99;0,19;22,47;Iraq;"University of Baghdad";"2017-ongoing";"Agricultural and Biological Sciences (miscellaneous) (Q3); Biochemistry, Genetics and Molecular Biology (miscellaneous) (Q3); Chemistry (miscellaneous) (Q3); Computer Science (miscellaneous) (Q3); Mathematics (miscellaneous) (Q4); Physics and Astronomy (miscellaneous) (Q4)"
214;5700165211;"Electronic Journal of Theoretical Physics";journal;"17295254";0,186;Q4;12;16;63;421;18;62;0,29;26,31;Ukraine;"Electronic Journal of Theoretical Physics";"2007-ongoing";"Physics and Astronomy (miscellaneous) (Q4)"
215;17700155039;"Revista Materia";journal;"15177076";0,185;Q4;11;319;387;7756;164;373;0,40;24,31;Brazil;"Universidade Federal do Rio de Janeiro, Coordenacao dos Programas de Pos-Graduacao em Engenharia";"2009-ongoing";"Chemistry (miscellaneous) (Q3); Materials Science (miscellaneous) (Q3); Physics and Astronomy (miscellaneous) (Q4)"
216;26916;"AIP Conference Proceedings";conference and proceedings;"00001984, 00002005, 00001983";0,182;-;60;12814;25566;177309;9353;24837;0,40;13,84;United States;"";"1983-1984, 2005-ongoing";"Physics and Astronomy (miscellaneous)"
217;21100227410;"EPJ Web of Conferences";conference and proceedings;"00002012";0,182;-;22;2497;6356;42152;2109;6204;0,35;16,88;France;"";"2012-ongoing";"Physics and Astronomy (miscellaneous)"
218;5200152621;"Proceedings of the National Academy of Sciences India Section A - Physical Sciences";journal;"03698203, 22501762";0,181;Q4;11;70;208;1942;146;204;0,72;27,74;India;"Springer India";"2005-ongoing";"Biochemistry, Genetics and Molecular Biology (miscellaneous) (Q3); Physics and Astronomy (miscellaneous) (Q4)"
219;144737;"Russian Physics Journal";journal;"10648887";0,180;Q4;19;0;637;0;391;604;0,71;0,00;United States;"Springer New York LLC";"1992-1994, 1996-2002, 2004-ongoing";"Physics and Astronomy (miscellaneous) (Q4)"
220;21100206004;"Journal of Ovonic Research";journal;"18422403, 15849953";0,176;Q4;10;51;106;1436;62;106;0,52;28,16;Romania;"National Institute of Research and Development for Optoelectronics";"2011-ongoing";"Electronic, Optical and Magnetic Materials (Q4); Physics and Astronomy (miscellaneous) (Q4); Surfaces, Coatings and Films (Q4)"
221;145506;"Journal of Physical Studies";journal;"10274642, 23100052";0,173;Q4;10;29;73;725;31;73;0,58;25,00;Ukraine;"Ivan Franko National University of Lviv";"2004-ongoing";"Physics and Astronomy (miscellaneous) (Q4)"
222;18300156736;"Acta Scientiarum - Technology";journal;"18078664, 18062563";0,170;Q4;14;60;191;1643;88;190;0,41;27,38;Brazil;"Universidade Estadual de Maringa";"2008-ongoing";"Engineering (miscellaneous) (Q2); Computer Science (miscellaneous) (Q3); Earth and Planetary Sciences (miscellaneous) (Q3); Chemistry (miscellaneous) (Q4); Mathematics (miscellaneous) (Q4); Physics and Astronomy (miscellaneous) (Q4)"
223;21100258766;"Proceedings of the International School of Physics "Enrico Fermi"";conference and proceedings;"00002006, 00002013";0,170;-;9;20;64;476;12;54;0,27;23,80;Netherlands;"";"2006-2013";"Physics and Astronomy (miscellaneous)"
224;19700186835;"Journal of Computational Multiphase Flows";journal;"1757482X";0,169;Q4;12;22;47;622;30;46;0,62;28,27;United Kingdom;"SAGE Publications Inc.";"2009-ongoing";"Engineering (miscellaneous) (Q2); Physics and Astronomy (miscellaneous) (Q4)"
225;21100391500;"Proceedings of the Indian National Science Academy";journal;"03700046";0,169;Q4;12;71;290;4372;123;267;0,50;61,58;India;"Indian National Science Academy";"2005-ongoing";"Biochemistry, Genetics and Molecular Biology (miscellaneous) (Q4); Physics and Astronomy (miscellaneous) (Q4)"
226;21100454952;"2015 International Conference on Recent Developments in Control, Automation and Power Engineering, RDCAPE 2015";conference and proceedings;"00002015";0,164;-;5;0;72;0;58;70;0,00;0,00;United States;"";"2015";"Electrical and Electronic Engineering; Physics and Astronomy (miscellaneous)"
227;21100423929;"Proceedings - 2015 5th International Conference on Communication Systems and Network Technologies, CSNT 2015";conference and proceedings;"00002015";0,163;-;9;0;277;0;252;274;0,00;0,00;United States;"";"2015";"Physics and Astronomy (miscellaneous)"
228;12389;"Turkish Journal of Physics";journal;"13036122, 13000101";0,160;Q4;22;72;126;2147;58;124;0,34;29,82;Turkey;"Scientific and Technical research Council of Turkey - TUBITAK/Turkiye Bilimsel ve Teknik Arastirma Kurumu";"1994-ongoing";"Physics and Astronomy (miscellaneous) (Q4)"
229;20000195056;"Revista Cubana de Fisica";journal;"22247939, 02539268";0,159;Q4;4;29;103;369;19;97;0,24;12,72;Cuba;"Universidad de La Habana";"2011-ongoing";"Physics and Astronomy (miscellaneous) (Q4)"
230;5800228217;"IFRF Combustion Journal";journal;"1562479X";0,157;Q4;3;0;5;0;2;5;0,67;0,00;Italy;"International Flame Research Foundation";"2007-ongoing";"Chemical Engineering (miscellaneous) (Q3); Chemistry (miscellaneous) (Q4); Energy Engineering and Power Technology (Q4); Fuel Technology (Q4); Physics and Astronomy (miscellaneous) (Q4); Pollution (Q4)"
231;20702;"Dalian Ligong Daxue Xuebao/Journal of Dalian University of Technology";journal;"10008608";0,155;Q4;16;92;291;1525;66;291;0,21;16,58;China;"Dalian Ligong Daxue/Dalian University of Technology";"1994-ongoing";"Engineering (miscellaneous) (Q3); Applied Mathematics (Q4); Physics and Astronomy (miscellaneous) (Q4)"
232;21100814522;"Papers in Physics";journal;"18524249";0,155;Q4;1;3;9;103;2;9;0,22;34,33;Argentina;"Instituto de Fisica de Liquidos y Sistemas Biologicos";"2017-ongoing";"Materials Science (miscellaneous) (Q4); Physical and Theoretical Chemistry (Q4); Physics and Astronomy (miscellaneous) (Q4)"
233;4000151707;"Europhysics News";journal;"05317479, 14321092";0,154;Q4;13;18;86;196;27;68;0,50;10,89;France;"EDP Sciences";"2006-ongoing";"Physics and Astronomy (miscellaneous) (Q4)"
234;17600155110;"Research Journal of Applied Sciences";journal;"1815932X, 19936079";0,153;Q4;14;0;322;0;166;322;0,46;0,00;Pakistan;"Medwell Online";"2009-2016 (cancelled)";"Engineering (miscellaneous) (Q3); Multidisciplinary (Q3); Chemistry (miscellaneous) (Q4); Physics and Astronomy (miscellaneous) (Q4)"
235;21100268424;"Journal of Mathematical and Fundamental Sciences";journal;"23375760";0,151;Q4;8;24;72;556;47;72;0,48;23,17;Indonesia;"Institute for Research and Community Services, Institut Teknologi Bandung";"2013-ongoing";"Earth and Planetary Sciences (miscellaneous) (Q3); Multidisciplinary (Q3); Agricultural and Biological Sciences (miscellaneous) (Q4); Biochemistry, Genetics and Molecular Biology (miscellaneous) (Q4); Chemistry (miscellaneous) (Q4); Mathematics (miscellaneous) (Q4); Medicine (miscellaneous) (Q4); Physics and Astronomy (miscellaneous) (Q4)"
236;21100788426;"Scientia Sinica: Physica, Mechanica et Astronomica";journal;"20959478, 16747275";0,150;Q4;5;119;287;5506;131;280;0,47;46,27;China;"Chinese Academy of Sciences";"2016-ongoing";"Physics and Astronomy (miscellaneous) (Q4)"
237;17800156707;"Chiang Mai Journal of Science";journal;"01252526";0,149;Q4;17;223;407;6173;155;404;0,36;27,68;Thailand;"Chiang Mai University";"2008-ongoing";"Biochemistry, Genetics and Molecular Biology (miscellaneous) (Q4); Chemistry (miscellaneous) (Q4); Materials Science (miscellaneous) (Q4); Mathematics (miscellaneous) (Q4); Physics and Astronomy (miscellaneous) (Q4)"
238;11300153315;"Advanced Studies in Theoretical Physics";journal;"13131311";0,148;Q4;17;0;106;0;41;106;0,24;0,00;Bulgaria;"Hikari Ltd.";"2008-2016 (cancelled)";"Mathematical Physics (Q4); Physics and Astronomy (miscellaneous) (Q4)"
239;9500154102;"Iranian Journal of Science and Technology, Transaction A: Science";journal;"10286276";0,148;Q4;15;267;237;8200;133;236;0,56;30,71;Iran;"Springer International Publishing AG";"2006-ongoing";"Engineering (miscellaneous) (Q3); Agricultural and Biological Sciences (miscellaneous) (Q4); Chemistry (miscellaneous) (Q4); Earth and Planetary Sciences (miscellaneous) (Q4); Mathematics (miscellaneous) (Q4); Physics and Astronomy (miscellaneous) (Q4)"
240;17700156004;"WSEAS Transactions on Fluid Mechanics";journal;"17905087";0,148;Q4;7;17;33;320;11;33;0,21;18,82;Greece;"World Scientific and Engineering Academy and Society (WSEAS) Press";"2009-ongoing";"Physics and Astronomy (miscellaneous) (Q4)"
241;17900156724;"Latvian Journal of Physics and Technical Sciences";journal;"08688257";0,147;Q4;8;44;121;701;39;121;0,33;15,93;Germany;"De Gruyter Open";"2008-ongoing";"Engineering (miscellaneous) (Q3); Physics and Astronomy (miscellaneous) (Q4)"
242;29205;"Physics in Perspective";journal;"14226960, 14226944";0,147;Q4;13;15;49;940;14;34;0,57;62,67;Switzerland;"Birkhauser Verlag";"1999-ongoing";"History (Q2); Physics and Astronomy (miscellaneous) (Q4)"
243;19700173016;"Bulletin of the Lebedev Physics Institute";journal;"10683356, 1934838X";0,144;Q4;10;91;244;959;77;244;0,27;10,54;United States;"Springer Science + Business Media";"2009-ongoing";"Physics and Astronomy (miscellaneous) (Q4)"
244;15400155600;"Il Nuovo cimento della Societá italiana di fisica. C";journal;"11241896";0,144;Q4;23;2;440;9;83;437;0,18;4,50;Italy;"Zanichelli Editore SpA";"1978-ongoing";"Physics and Astronomy (miscellaneous) (Q4)"
245;67235;"Physicist";journal;"10363831";0,143;Q4;4;12;27;21;2;17;0,00;1,75;Australia;"Australian Institute of Physics";"1999-ongoing";"Physics and Astronomy (miscellaneous) (Q4)"
246;21100455416;"Proceedings of 2015 International Conference on Fluid Power and Mechatronics, FPM 2015";conference and proceedings;"00002015";0,140;-;5;0;269;0;101;265;0,00;0,00;China;"";"2015";"Physics and Astronomy (miscellaneous)"
247;19400158438;"Annals of the University of Craiova, Physics";journal;"12236039";0,137;Q4;5;9;26;163;7;26;0,35;18,11;Romania;"University of Craiova";"2009-ongoing";"Physics and Astronomy (miscellaneous) (Q4)"
248;21100410100;"Applied Physics";journal;"19960948";0,133;Q4;6;110;207;1476;22;207;0,08;13,42;Russian Federation;"Federal Informational-Analytical Center of the Defense Industry";"2011-ongoing";"Physics and Astronomy (miscellaneous) (Q4)"
249;65449;"Chung Cheng Ling Hsueh Pao/Journal of Chung Cheng Institute of Technology";journal;"02556030";0,125;Q4;5;10;74;212;3;74;0,04;21,20;China;"Chung Cheng Institute of Technology";"2001-ongoing";"Physics and Astronomy (miscellaneous) (Q4)"
250;4800153103;"Indian Journal of Radio and Space Physics";journal;"03678393";0,125;Q4;19;3;40;129;6;40;0,17;43,00;India;"Council of Scientific and Industrial Research";"1996-ongoing";"Earth and Planetary Sciences (miscellaneous) (Q4); Physics and Astronomy (miscellaneous) (Q4)"
251;27480;"Czechoslovak Journal of Physics";journal;"00114626";0,124;Q4;34;0;1;0;0;1;0,00;0,00;United States;"Kluwer Academic/Plenum Publishers";"1952-2006, 2016-ongoing";"Physics and Astronomy (miscellaneous) (Q4)"
252;21100786456;"Philosophical Magazine";journal;"00318086";0,124;Q4;0;0;1;0;0;1;0,00;0,00;United Kingdom;"Taylor and Francis Ltd.";"1970-1977";"Engineering (miscellaneous) (Q3); Physics and Astronomy (miscellaneous) (Q4)"
253;17700156005;"WSEAS Transactions on Heat and Mass Transfer";journal;"17905044";0,124;Q4;8;0;3;0;1;3;0,00;0,00;Greece;"World Scientific and Engineering Academy and Society (WSEAS) Press";"2009-2015 (cancelled)";"Physics and Astronomy (miscellaneous) (Q4)"
254;21100264813;"Pakistan Journal of Scientific and Industrial Research Series A: Physical Sciences";journal;"22216413, 22232559";0,119;Q4;3;28;75;694;3;75;0,02;24,79;Pakistan;"PCSIR-Scientific Information Centre";"2011-ongoing";"Materials Science (miscellaneous) (Q4); Mathematical Physics (Q4); Physical and Theoretical Chemistry (Q4); Physics and Astronomy (miscellaneous) (Q4)"
255;19700181228;"Physics Research International";journal;"20902220, 20902239";0,119;Q4;10;0;25;0;10;25;0,69;0,00;Egypt;"Hindawi Publishing Corporation";"2010-ongoing";"Physics and Astronomy (miscellaneous) (Q4)"
256;21100874216;"Revista Mexicana de Fisica E";journal;"18703542";0,115;Q4;8;7;40;230;9;40;0,17;32,86;Mexico;"Sociedad Mexicana de Fisica";"2006-ongoing";"Education (Q4); Physics and Astronomy (miscellaneous) (Q4)"
257;23521;"Ecletica Quimica";journal;"01004670";0,112;Q4;17;31;41;727;2;39;0,06;23,45;Brazil;"Fundacao Editora UNESP";"1996-ongoing";"Chemistry (miscellaneous) (Q4); Physics and Astronomy (miscellaneous) (Q4)"
258;21100818731;"GeoRich 2017 - 4th International ACM Workshop on Managing and Mining Enriched Geo-Spatial Data, in Conjunction with SIGMOD 2017";conference and proceedings;"00002017";0,112;-;2;0;10;0;9;8;1,13;0,00;United States;"";"2017";"Computer Science Applications; Nuclear and High Energy Physics; Physics and Astronomy (miscellaneous); Space and Planetary Science; Spectroscopy"
259;19600161904;"NATO Science for Peace and Security Series B: Physics and Biophysics";book series;"18746500";0,108;Q4;12;83;232;1651;27;155;0,51;19,89;Germany;"Springer Verlag";"2007-ongoing";"Biophysics (Q4); Biotechnology (Q4); Electrical and Electronic Engineering (Q4); Physics and Astronomy (miscellaneous) (Q4)"
260;19600162022;"Physical and Chemical News";journal;"11143800";0,108;Q4;9;0;3;0;0;3;0,00;0,00;Morocco;"Best Edition";"2009-2015";"Chemistry (miscellaneous) (Q4); Mathematical Physics (Q4); Physics and Astronomy (miscellaneous) (Q4)"
261;29201;"Physics Essays";journal;"08361398";0,107;Q4;14;0;257;0;25;252;0,14;0,00;Canada;"Physics Essays Publication";"1996-2017 (cancelled)";"Physics and Astronomy (miscellaneous) (Q4)"
262;29245;"Physics World";trade journal;"09538585";0,105;Q4;39;55;204;0;7;204;0,04;0,00;United Kingdom;"Institute of Physics";"1994-ongoing";"Physics and Astronomy (miscellaneous) (Q4)"
263;21100211750;"African Review of Physics";journal;"22236589";0,104;Q4;7;21;67;470;7;66;0,10;22,38;Ghana;"African Physical Society";"2012-ongoing";"Physics and Astronomy (miscellaneous) (Q4)"
264;21100258629;"International Journal of Science, Mathematics and Technology Learning";journal;"2327915X, 23277971";0,104;Q4;2;8;29;327;3;29;0,17;40,88;United States;"Common Ground Research Networks";"2013-ongoing";"Education (Q4); Engineering (miscellaneous) (Q4); Physics and Astronomy (miscellaneous) (Q4)"
265;28059;"Institute of Physics Conference Series";conference and proceedings;"00002003, 00001981, 00002005, 00001992, 00001991";0,103;-;9;0;7;0;0;7;0,00;0,00;United Kingdom;"";"1981, 1991-1992, 2003-2005";"Physics and Astronomy (miscellaneous)"
266;21100370735;"Theoretical and Mathematical Physics (United States)";book series;"18645887, 18645879";0,101;Q4;7;9;37;280;0;16;0,00;31,11;United States;"Springer Science + Business Media";"2015-ongoing";"Applied Mathematics (Q4); Mathematical Physics (Q4); Physics and Astronomy (miscellaneous) (Q4)"
267;5000158508;"Springer Tracts in Modern Physics";book series;"00813869, 16150430";0,100;Q4;11;67;160;2817;9;56;0,45;42,04;Germany;"Springer Verlag";"2005-2010, 2015-ongoing";"Physics and Astronomy (miscellaneous) (Q4)"
